<?xml version="1.0" encoding="utf-8"?>
<odoo>
  <data>
    <record model="ir.module.category" id="module_management">
      <field name="name">Auto backup access</field>
      <field name="description">User access level for this module</field>
      <field name="sequence">3</field>
    </record>

    <record id="group_user" model="res.groups">
      <field name="name">User</field>
      <field name="category_id" ref="advance_auto_backup.module_management"/>
      <field name="implied_ids" eval="[(4, ref('base.group_user'))]"/>

    </record>
    <record id="group_manager" model="res.groups">
      <field name="name">Manager</field>
      <field name="category_id" ref="advance_auto_backup.module_management"/>
      <field name="implied_ids" eval="[(4, ref('group_user'))]"/>

    </record>
    


    
    <!-- <record id="auto_backup_rule_user" model="ir.rule">
      <field name="name"> User</field>
      <field name="model_id" ref="advance_auto_backup.model_ir_cron"/>
      <field name="groups" eval="[(4,ref('group_user'))]"/>
      <field name="domain_force">[['field_domain', '=', True]]</field>
    </record>
    
    <record id="auto_backup_rule_Manager" model="ir.rule">
        <field name="name">Manager</field>
        <field name="model_id" ref="advance_auto_backup.model_ir_cron"/>
        <field name="groups" eval="[(4, ref('group_manager'))]" />
        <field name="domain_force">[[1, '=', 1]]</field>
    </record> -->
  </data>
</odoo>
