<?xml version="1.0" encoding="utf-8"?>
<!-- Copyright Nova Code (http://www.novacode.nl)
See LICENSE file for full licensing details. -->

<odoo>
    <data noupdate="1">
        <record id="formio_builder_demo" model="formio.builder">
            <field name="name">demo_1</field>
            <field name="title">Demo 1</field>
            <field name="formio_version_id" ref="formio.version_4_9_26"/>
            <field name="schema">{"components": [{"label": "Text Field", "type": "textfield", "input": true, "key": "textField2", "reorder": false}, {"label": "Columns", "columns": [{"components": [{"label": "Save as Draft", "action": "saveState", "showValidations": false, "theme": "secondary", "size": "md", "block": false, "leftIcon": "", "rightIcon": "", "shortcut": "", "description": "", "tooltip": "", "customClass": "", "tabindex": "", "disableOnInvalid": false, "hidden": false, "autofocus": false, "disabled": false, "alwaysEnabled": false, "tableView": true, "key": "saveDraft", "tags": "", "properties": {"submit": "false"}, "conditional": {"show": "", "when": "", "eq": "", "json": ""}, "customConditional": "", "logic": [], "attributes": {}, "overlay": {"style": "", "page": "", "left": "", "top": "", "width": "", "height": ""}, "type": "button", "mask": false, "input": true, "defaultValue": false, "validate": {"customMessage": "", "json": "", "required": false, "custom": "", "customPrivate": false, "strictDateValidation": false}, "state": "draft", "event": "", "url": "", "custom": "", "reorder": false, "encrypted": false, "hideOnChildrenHidden": false, "placeholder": "", "prefix": "", "suffix": "", "multiple": false, "protected": false, "unique": false, "persistent": false, "clearOnHide": true, "refreshOn": "", "redrawOn": "", "labelPosition": "top", "errorLabel": "", "hideLabel": false, "dbIndex": false, "customDefaultValue": "", "calculateValue": "", "widget": {"type": "input"}, "validateOn": "change", "allowCalculateOverride": false, "showCharCount": false, "showWordCount": false, "allowMultipleMasks": false, "dataGridLabel": true, "id": "eqg655l"}], "width": 3, "offset": 0, "push": 0, "pull": 0, "type": "column", "input": false, "hideOnChildrenHidden": false, "key": "column", "tableView": true, "label": "Column"}, {"components": [{"type": "button", "label": "Submit", "key": "submit", "disableOnInvalid": true, "theme": "primary", "input": true, "tableView": true, "hideOnChildrenHidden": false, "placeholder": "", "prefix": "", "customClass": "", "suffix": "", "multiple": false, "defaultValue": null, "protected": false, "unique": false, "persistent": false, "hidden": false, "clearOnHide": true, "refreshOn": "", "redrawOn": "", "labelPosition": "top", "description": "", "errorLabel": "", "tooltip": "", "hideLabel": false, "tabindex": "", "disabled": false, "autofocus": false, "dbIndex": false, "customDefaultValue": "", "calculateValue": "", "widget": {"type": "input"}, "attributes": {}, "validateOn": "change", "validate": {"required": false, "custom": "", "customPrivate": false, "strictDateValidation": false}, "conditional": {"show": null, "when": null, "eq": ""}, "overlay": {"style": "", "left": "", "top": "", "width": "", "height": ""}, "allowCalculateOverride": false, "encrypted": false, "alwaysEnabled": false, "showCharCount": false, "showWordCount": false, "properties": {}, "allowMultipleMasks": false, "size": "md", "leftIcon": "", "rightIcon": "", "block": false, "action": "submit", "dataGridLabel": true, "id": "e6i634"}], "width": 2, "offset": 0, "push": 0, "pull": 0, "type": "column", "input": false, "hideOnChildrenHidden": false, "key": "column", "tableView": true, "label": "Column"}], "mask": false, "type": "columns", "input": false, "key": "columns2", "reorder": false}]}</field>
        </record>
    </data>
</odoo>
