<?xml version="1.0" encoding="utf-8"?>
<odoo>

    <record id="group_delivery_invoice_address" model="res.groups">
        <field name="name">Addresses in Sales Orders</field>
        <field name="category_id" ref="base.module_category_hidden"/>
    </record>

    <record id="group_discount_per_so_line" model="res.groups">
        <field name="name">Discount on lines</field>
        <field name="category_id" ref="base.module_category_hidden"/>
    </record>

    <record id="group_warning_sale" model="res.groups">
        <field name="name">A warning can be set on a product or a customer (Sale)</field>
        <field name="category_id" ref="base.module_category_hidden"/>
    </record>

    <record id="group_proforma_sales" model="res.groups">
        <field name="name">Pro-forma Invoices</field>
        <field name="category_id" ref="base.module_category_hidden"/>
    </record>

    <record id="group_sale_order_dates" model="res.groups">
        <field name="name">Manage delivery dates from sales orders.</field>
        <field name="category_id" ref="base.module_category_hidden"/>
        <field name="comment">This option introduces extra fields in the sales order to easily schedule product deliveries on your own: expected date, commitment date, effective date.</field>
    </record>

    <record model="res.users" id="base.user_root">
        <field eval="[(4,ref('base.group_partner_manager'))]" name="groups_id"/>
    </record>

    <record model="res.users" id="base.user_admin">
        <field eval="[(4,ref('base.group_partner_manager'))]" name="groups_id"/>
    </record>

<data noupdate="1">
    <!-- Multi - Company Rules -->

    <record model="ir.rule" id="sale_order_comp_rule">
        <field name="name">Sales Order multi-company</field>
        <field name="model_id" ref="model_sale_order"/>
        <field name="global" eval="True"/>
        <field name="domain_force">['|',('company_id','=',False),('company_id','child_of',[user.company_id.id])]</field>
    </record>

    <record model="ir.rule" id="sale_order_line_comp_rule">
        <field name="name">Sales Order Line multi-company</field>
        <field name="model_id" ref="model_sale_order_line"/>
        <field name="global" eval="True"/>
        <field name="domain_force">['|',('company_id','=',False),('company_id','child_of',[user.company_id.id])]</field>
    </record>

    <record model="ir.rule" id="sale_order_report_comp_rule">
        <field name="name">Sales Order Analysis multi-company</field>
        <field name="model_id" ref="model_sale_report"/>
        <field name="global" eval="True"/>
        <field name="domain_force">['|',('company_id','=',False),('company_id','child_of',[user.company_id.id])]</field>
    </record>

    <!-- Payments -->
    <record id="payment_transaction_salesman_rule" model="ir.rule">
        <field name="name">Access every payment transaction</field>
        <field name="model_id" ref="payment.model_payment_transaction"/>
        <field name="domain_force">[(1, '=', 1)]</field>
        <field name="groups" eval="[(4, ref('sales_team.group_sale_salesman'))]"/>
    </record>

    <record id="payment_token_salesman_rule" model="ir.rule">
        <field name="name">Access every payment token</field>
        <field name="model_id" ref="payment.model_payment_token"/>
        <field name="domain_force">[(1, '=', 1)]</field>
        <field name="groups" eval="[(4, ref('sales_team.group_sale_salesman'))]"/>
    </record>

    <!-- Portal Access Rules -->
    <record id="sale_order_rule_portal" model="ir.rule">
        <field name="name">Portal Personal Quotations/Sales Orders</field>
        <field name="model_id" ref="sale.model_sale_order"/>
        <field name="domain_force">[('message_partner_ids','child_of',[user.commercial_partner_id.id])]</field>
        <field name="groups" eval="[(4, ref('base.group_portal'))]"/>
        <field name="perm_unlink" eval="True"/>
        <field name="perm_write" eval="True"/>
        <field name="perm_read" eval="True"/>
        <field name="perm_create" eval="False"/>
    </record>

    <record id="sale_order_line_rule_portal" model="ir.rule">
        <field name="name">Portal Sales Orders Line</field>
        <field name="model_id" ref="sale.model_sale_order_line"/>
        <field name="domain_force">[('order_id.message_partner_ids','child_of',[user.commercial_partner_id.id])]</field>
        <field name="groups" eval="[(4, ref('base.group_portal'))]"/>
    </record>

    <!-- Multi - Salesmen sales order assignation rules -->

    <record id="sale_order_personal_rule" model="ir.rule">
        <field name="name">Personal Orders</field>
        <field ref="model_sale_order" name="model_id"/>
        <field name="domain_force">['|',('user_id','=',user.id),('user_id','=',False)]</field>
        <field name="groups" eval="[(4, ref('sales_team.group_sale_salesman'))]"/>
    </record>
    <record id="sale_order_see_all" model="ir.rule">
        <field name="name">All Orders</field>
        <field ref="model_sale_order" name="model_id"/>
        <field name="domain_force">[(1,'=',1)]</field>
        <field name="groups" eval="[(4, ref('sales_team.group_sale_salesman_all_leads'))]"/>
    </record>

    <record id="sale_order_report_personal_rule" model="ir.rule">
        <field name="name">Personal Orders Analysis</field>
        <field ref="model_sale_report" name="model_id"/>
        <field name="domain_force">['|',('user_id','=',user.id),('user_id','=',False)]</field>
        <field name="groups" eval="[(4, ref('sales_team.group_sale_salesman'))]"/>
    </record>

    <record id="sale_order_report_see_all" model="ir.rule">
        <field name="name">All Orders Analysis</field>
        <field ref="model_sale_report" name="model_id"/>
        <field name="domain_force">[(1,'=',1)]</field>
        <field name="groups" eval="[(4, ref('sales_team.group_sale_salesman_all_leads'))]"/>
    </record>

    <record id="sale_order_line_personal_rule" model="ir.rule">
        <field name="name">Personal Order Lines</field>
        <field ref="model_sale_order_line" name="model_id"/>
        <field name="domain_force">['|',('salesman_id','=',user.id),('salesman_id','=',False)]</field>
        <field name="groups" eval="[(4, ref('sales_team.group_sale_salesman'))]"/>
    </record>

    <record id="sale_order_line_see_all" model="ir.rule">
        <field name="name">All Orders Lines</field>
        <field ref="model_sale_order_line" name="model_id"/>
        <field name="domain_force">[(1,'=',1)]</field>
        <field name="groups" eval="[(4, ref('sales_team.group_sale_salesman_all_leads'))]"/>
    </record>

    <record id="account_invoice_report_rule_see_personal" model="ir.rule">
        <field name="name">Personal Invoices Analysis</field>
        <field name="model_id" ref="model_account_invoice_report"/>
        <field name="domain_force">['|', ('user_id', '=', user.id), ('user_id', '=', False)]</field>
        <field name="groups" eval="[(4, ref('sales_team.group_sale_salesman'))]"/>
    </record>

    <record id="account_invoice_report_rule_see_all" model="ir.rule">
        <field name="name">All Invoices Analysis</field>
        <field name="model_id" ref="model_account_invoice_report"/>
        <field name="domain_force">[(1, '=', 1)]</field>
        <field name="groups" eval="[(4, ref('sales_team.group_sale_salesman_all_leads'))]"/>
    </record>
</data>
</odoo>
