<?xml version="1.0" encoding="UTF-8"?>
<templates id="template" xml:space="preserve">

    <t t-name="akl.FieldStatus.mobile">
        <button type="button" class="btn btn-primary dropdown-toggle" data-toggle="dropdown">
            <t t-if="status" t-esc="status.display_name"/>
        </button>
        <div class="dropdown-menu" role="menu">
            <t t-foreach="selection" t-as="i">
                <t t-call="FieldStatus.content.button">
                    <t t-set="is_dropdown" t-value="true"/>
                </t>
            </t>
        </div>
    </t>

</templates>
