<?xml version="1.0" encoding="UTF-8"?>

<templates id="template" xml:space="preserve">
    <t t-name="akl_theme_base.side_bar_menu">
        <div class="akl_side_bar">
            <div class="akl_side_bar_menu navigation">
                <div class="navigation-menu-tab">
                    <!-- first level menu -->
                    <div class="tab_body_scroller flex-fill ">
                        <div class="navigation-menu-tab-body d-flex flex-column">
                            <t t-call="akl_theme_base.app_items" />
                        </div>
                    </div>
                </div>

                <!-- begin::navigation menu -->
                <div class="navigation-menu-body secondary_nav">
                    <!-- secondary menu -->
                    <div class="navigation-menu-group">
                        <t t-foreach="widget.menu_data.children || []" t-as="first_level_menu">
                            <div t-if="first_level_menu.children &amp;&amp; first_level_menu.children.length" t-att-id="first_level_menu.id">
                                <ul>
                                    <t t-foreach="first_level_menu.children || []" t-as="scondary_level_menu">
                                        <t t-call="akl_theme_base.menu.link">
                                            <t t-set="depth" t-value="0"/>
                                            <t t-set="menu" t-value="scondary_level_menu"/></t>
                                    </t>
                                </ul>
                            </div>
                        </t>
                    </div>
                </div>
            </div>
        </div>
    </t>

    <!-- secondar menu_body -->
    <t t-name="akl_theme_base.secondary_menu_body" >
        <div t-if="first_level_menu.children &amp;&amp; first_level_menu.children.length" t-att-id="first_level_menu.id">
            <ul>
                <t t-foreach="first_level_menu.children || []" t-as="scondary_level_menu">
                    <t t-call="akl_theme_base.menu.link">
                        <t t-set="depth" t-value="0"/>
                        <t t-set="menu" t-value="scondary_level_menu"/></t>
                </t>
            </ul>
        </div>
    </t>
    <!-- second or more depth -->
    <t t-name="akl_theme_base.menu.link">
        <t t-set="depth" t-value="(depth || 0) + 1"/>
        <t t-if="!menu.children.length">
            <!-- has no submenu -->
            <li>
                <a t-attf-href="#menu_id=#{menu.id}&amp;action=#{menu.action ? menu.action.split(',')[1] : ''}"
                    t-att-data-menu="menu.id"
                    t-att-data-action-model="menu.action ? menu.action.split(',')[0] : ''"
                    t-att-data-action-id="menu.action ? menu.action.split(',')[1] : ''"
                    t-att-data-menu-xmlid="menu.xmlid">
                    <span>
                        <t t-esc="menu.name"/>
                    </span>
                </a>
            </li>
        </t>
        <!-- have sub menu -->
        <t t-else="">
            <li>
                <a t-attf-class="akl_theme_base_menu_entry_lvl_#{depth}" href="#">
                    <t t-esc="menu.name"/>
                </a>
                <ul>
                    <t t-foreach="menu.children" t-as="menu">
                        <t t-call="akl_theme_base.menu.link" /></t>
                </ul>
            </li>
        </t>
    </t>

    <!-- menu apps -->
    <t t-name="akl_theme_base.app_items">
        <div class="navigation-menu-tab-items flex-fill">
            <t t-foreach="widget.getApps() || []" t-as="app">
                <a href="#" 
                    class="akl_app_item"
                    data-toggle="tooltip"
                    data-placement="right"
                    t-att-title="app.name"
                    t-attf-data-nav-target="##{app.menuID}"
                    t-att-data-menu-id="app.menuID"
                    t-att-data-menu-xmlid="app.xmlID"
                    t-att-data-action-id="app.actionID">
                    <img class="o-app-icon " t-attf-src="data:image/png;base64,#{app.web_icon_data}"/>
                    <div t-attrf-class="o_caption akl_app_name {{widget.user_setting.show_app_name? d-none: ''}}">
                        <t t-esc="app.name" />
                    </div>
                </a>
            </t>
        </div>
    </t>

</templates>
